{
  "s8DQER": {
    "longUrl": "https://instagram.com",
    "createdAt": "2025-06-25T17:28:06.540Z",
    "clicks": 0
  },
  "SVhFFF": {
    "longUrl": "https://www.google.com",
    "createdAt": "2025-06-25T17:28:10.467Z",
    "clicks": 1
  },
  "h3LosG": {
    "longUrl": "https://www.google.com",
    "createdAt": "2025-06-25T17:28:24.928Z",
    "clicks": 1
  },
  "6sWGby": {
    "longUrl": "https://www.google.com",
    "createdAt": "2025-06-25T17:29:05.595Z",
    "clicks": 0
  },
  "FfLO3M": {
    "longUrl": "https://instagram.com",
    "createdAt": "2025-06-25T17:29:11.303Z",
    "clicks": 0
  }
}